ID,CONTENTID,真实播放量,外显播放量,真实下载量,外显下载量,真实分享量,创建时间,更新时间,CONTENTNAME
ID,CONTENTID,真实播放量,外显播放量,真实下载量,外显下载量,真实分享量,外显下载量,创建时间,更新时间,CONTENTNAME
2884057,1539399,2,12,13273,99924,1255,9422,2024-04-1516:50:35,2024-06-1320:14:59,小学数学思维训练100题.pdf
772679,787249,0,0,8834,66435,124,929,2024-02-0514:09:40,2024-06-1314:41:48,高中数学答题模版.pdf
772690,787248,0,0,7426,55636,131,1002,2024-02-0514:10:14,2024-06-1010:24:17,高中语文答题模板.pdf
772685,787250,0,0,6087,45805,141,1064,2024-02-0514:10:03,2024-06-1314:42:57,高中物理答题模版.pdf
81527,646740,0,193,5416,196026,408,3186,2024-01-3017:58:52,2024-06-1207:20:05,三年级语文周周练（3）.docx
3713867,1567370,0,0,4849,36477,437,3320,2024-05-1121:04:14,2024-06-1320:12:43,文学常识习题（上）ovle.pdf
2684286,1527156,0,0,4650,34812,717,5359,2024-04-0816:52:11,2024-06-1320:10:33,三年级（下）期中语文测试卷.doc
89122,744988,0,138,4591,40647,426,3316,2024-01-3017:59:58,2024-06-1320:14:15,八年级下册古诗文默写-备战2024年中考语文古诗文默写背诵复习（全国通用）解析版.pdf
2739515,1534500,0,0,4403,32976,510,3784,2024-04-1018:57:55,2024-06-1320:02:42,四年级下册期中知识点EBc8.docx
772800,787242,0,0,4348,32510,80,592,2024-02-0514:15:16,2024-06-1218:26:58,高中地理答题模版.pdf
2736015,1534496,0,0,4260,31718,483,3613,2024-04-1015:54:07,2024-06-1319:43:01,三年级下册期中知识点DwgV.docx
772693,787247,0,0,4199,31639,72,541,2024-02-0514:10:24,2024-06-1010:24:24,高中英语答题模板.pdf
643475,778998,0,0,4106,30774,528,3953,2024-02-0213:12:21,2024-06-1121:15:10,八年级下册物理知识点汇总mqHg.doc
81558,646816,0,186,4092,162383,251,2029,2024-01-3017:58:52,2024-05-2807:27:20,四年级语文周周练（2）.docx
2736429,1534499,0,0,4073,30503,639,4769,2024-04-1016:18:55,2024-06-1320:08:11,五年级下册期中知识点JNAZ.docx
81440,646667,0,288,4067,128255,420,3472,2024-01-3017:58:49,2024-05-2922:07:11,二年级语文周周练（2）.docx
3713939,1567369,0,0,3945,29808,384,2901,2024-05-1121:06:14,2024-06-1320:07:24,文学常识习题（下）8ieY.pdf
2680191,1527152,0,0,3939,29518,620,4667,2024-04-0815:28:55,2024-06-1320:14:43,二年级（下）期中语文测试卷.doc
773081,787243,0,0,3772,28354,62,466,2024-02-0514:30:04,2024-06-1010:22:36,高中政治答题模版.pdf
89117,744983,0,161,3612,31817,355,2773,2024-01-3017:59:58,2024-06-1320:15:03,七年级下册古诗文默写-备战2024年中考语文古诗文默写背诵复习（全国通用）解析版.pdf
2691500,1527163,0,0,3601,27117,592,4471,2024-04-0821:17:46,2024-06-1320:07:10,三年级下册期中数学试卷.doc
87245,691453,0,208,3568,61737,192,1703,2024-01-3017:59:31,2024-06-1303:13:38,高中3500词汇思维导图版.pdf
87250,691459,0,286,3438,70843,294,2512,2024-01-3017:59:31,2024-06-1303:17:14,高中状元物理知识点详细总结.pdf
3827051,1595920,0,0,3401,25587,115,845,2024-05-1609:01:49,2024-06-1319:04:03,小学语文学霸笔记（1-6年级全不分上下）.pdf
2154883,1108482,0,0,3376,25361,347,2577,2024-03-2216:00:32,2024-06-1316:10:27,初中物理300个易错知识点梳理.pdf
2708839,1527160,0,0,3363,25191,522,3865,2024-04-0914:59:49,2024-06-1320:14:58,四年级（下）期中语文测试卷.doc
81591,646876,0,156,3355,131535,221,1796,2024-01-3017:58:52,2024-05-2608:08:08,五年级语文周周练（2）.docx
2684340,1527151,0,0,3312,24684,562,4213,2024-04-0816:55:45,2024-06-1318:51:40,五年级下册期中数学试卷.doc
2767060,1536951,0,0,3293,24568,437,3275,2024-04-1119:33:21,2024-06-1319:03:03,六年级下册期中知识点iZQo.docx
81620,646935,0,153,3157,137560,213,1793,2024-01-3017:58:52,2024-05-1613:45:32,六年级语文周周练（4）.docx
773045,787244,0,0,3141,23577,62,457,2024-02-0514:28:00,2024-06-1010:21:40,高中历史答题模版.pdf
642813,782307,0,364,3121,23659,474,3973,2024-02-0212:33:17,2024-06-1218:36:02,初中物理公式总结大全.doc
2699760,1527153,0,0,3117,23356,526,3962,2024-04-0906:19:17,2024-06-1319:47:26,四年级下册期中数学试卷.doc
81399,646590,0,145,3077,113468,317,2574,2024-01-3017:58:49,2024-05-2018:17:52,一年级语文周周练（5）.docx
643201,782253,0,0,3075,23060,409,3123,2024-02-0213:03:54,2024-05-3121:22:09,九年级知识点汇总（2）aJSp.pdf
193278,668623,0,206,3010,122659,411,3288,2024-01-3111:29:06,2024-06-1306:00:54,英语作文万能写作模板.pdf
644044,782240,0,0,2922,21887,387,2855,2024-02-0213:35:55,2024-06-1022:41:55,九年级知识点汇总（1）0O6V.pdf
772694,787246,0,0,2872,21683,44,327,2024-02-0514:10:34,2024-06-0913:31:42,高中生物答题模板.pdf
697307,785769,0,0,2773,20764,155,1172,2024-02-0316:08:05,2024-06-1218:35:28,【物理】初中考点大全.pdf
809666,780091,0,0,2766,20756,245,1800,2024-02-0616:01:11,2024-06-1212:29:17,初中物理资料汇总.pdf
772699,787245,0,0,2754,20614,40,298,2024-02-0514:10:45,2024-06-1220:18:09,高中化学答题模版.pdf
196938,700846,0,200,2655,47061,21,351,2024-01-3111:29:26,2024-06-1308:47:29,天才在左疯子在右完整版.pdf
2684100,777147,0,0,2632,19790,233,1779,2024-04-0816:42:59,2024-06-1309:46:23,初中物理秒杀口诀.docx
2087870,1281320,0,0,2558,19070,236,1789,2024-03-1922:12:28,2024-06-1316:08:08,（超详）初中物理考点清单.pdf
697397,785768,0,0,2555,19136,263,1964,2024-02-0316:10:48,2024-06-1218:35:36,（超详）初中历史考点清单.pdf
196348,697167,0,176,2543,85597,107,999,2024-01-3111:29:23,2024-05-1622:00:02,高一数学期中知识点汇总.docx
90777,761247,0,171,2520,21808,310,2480,2024-01-3018:00:01,2024-06-1315:10:49,初一数学公式定理汇总.doc
642874,782263,0,0,2466,18590,331,2476,2024-02-0212:46:32,2024-06-1313:11:30,初一数学公式定理汇总MZ3G.doc
89118,744984,0,196,2366,21321,204,1692,2024-01-3017:59:58,2024-06-1320:14:58,七年级上册古诗文默写-备战2024年中考语文古诗文默写背诵复习（全国通用）解析版.pdf
693734,772792,0,0,2355,17695,163,1186,2024-02-0314:15:28,2024-06-1310:41:57,初一历史下学期期中知识点汇总.docx
684306,772813,0,0,2353,17545,188,1430,2024-02-0311:17:53,2024-06-1318:34:46,初一生物下学期期中知识点汇总.docx
87246,691454,0,136,2350,56498,272,2177,2024-01-3017:59:31,2024-06-1303:15:21,三角函数-知识点大全.pdf
2687708,1527154,0,0,2335,17683,432,3267,2024-04-0820:01:27,2024-06-1319:30:00,六年级下册期中数学试卷.doc
84905,672241,0,207,2334,25872,111,1042,2024-01-3017:59:18,2024-06-1311:23:17,初三历史思维导图.docx
643868,778999,0,0,2322,17442,338,2547,2024-02-0213:28:10,2024-06-1312:15:53,七年级下册数学知识点汇总Mjnx.docx
836599,927100,0,0,2319,17415,234,1737,2024-02-0713:34:57,2024-06-1305:47:51,初中英语作文范文大全.pdf
648531,772790,0,0,2316,17358,271,2057,2024-02-0216:45:11,2024-06-1315:53:23,初一英语下学期期中知识点汇总WmJn.docx
193277,668622,0,146,2315,88719,278,2217,2024-01-3111:29:06,2024-06-1305:58:33,中考英语20套经典写作模板.pdf
2690111,774509,0,0,2299,17279,286,2118,2024-04-0820:51:42,2024-06-1320:15:45,鸡兔同笼、牛吃草应用题GaMC.pdf
643588,782779,0,0,2267,16949,375,2852,2024-02-0213:17:15,2024-06-1314:32:05,语文预习方法.docx
2700127,1527148,0,0,2243,16868,394,2964,2024-04-0906:51:28,2024-06-1320:15:56,一年级（下）期中语文测试卷.doc
201283,780752,0,281,2226,16836,319,2638,2024-01-3111:29:43,2024-06-1316:42:47,12.28初中地理思维导图（无水印）.docx
645658,782225,0,0,2223,16644,276,2055,2024-02-0214:48:25,2024-05-2516:44:23,八年级知识点汇总（2）zpm6.pdf
201284,780765,0,243,2207,16690,234,1973,2024-01-3111:29:43,2024-06-1218:36:12,初中物理实验！全部都在这里（可打印）.pdf
4214042,1636135,0,0,2190,16386,171,1261,2024-06-0420:05:17,2024-06-1319:23:25,物理易错题汇总6tZn.doc
2691421,774506,0,0,2187,16440,290,2142,2024-04-0821:16:08,2024-06-1320:14:58,简单应用题u8j2.pdf
83955,662547,0,200,2178,63103,102,962,2024-01-3017:59:02,2024-06-1317:41:48,初中英语易混词汇辨析.pdf
84887,672223,0,336,2177,26338,79,919,2024-01-3017:59:18,2024-06-1311:17:25,初一数学思维导图.doc
646416,782217,0,0,2168,16251,301,2324,2024-02-0215:16:43,2024-05-2520:45:46,八年级知识点汇总（1）G4Wv.pdf
532177,783113,0,142,2154,16403,270,2162,2024-02-0111:12:48,2024-06-1218:35:47,初中生物知识点全面总结.pdf
2688241,1527161,0,0,2152,16087,336,2480,2024-04-0820:14:39,2024-06-1320:13:16,六年级（下）期中语文测试卷.doc
89121,744987,0,178,2131,19884,174,1493,2024-01-3017:59:58,2024-06-1320:14:24,九年级下册古诗文默写-备战2024年中考语文古诗文默写背诵复习（全国通用）解析版.pdf
87217,691421,0,216,2129,41194,174,1521,2024-01-3017:59:31,2024-06-1106:56:58,高中语文易错知识清单.pdf
647192,775789,0,0,2111,15833,185,1349,2024-02-0215:53:07,2024-06-1320:16:40,五六年级小升初小学语法66页X762.pdf
2397273,1280970,0,0,2098,15766,132,1007,2024-03-3013:41:10,2024-06-1317:58:45,语--珍藏笔记173页.pdf
3640794,1567334,0,0,2094,15486,184,1390,2024-05-0910:03:52,2024-06-1319:54:32,语文三年级必背课文xQ8c.docx
196385,697211,0,207,2079,59476,114,1055,2024-01-3111:29:23,2024-06-0914:46:35,高二数学期中知识点汇总.docx
2680268,774505,0,0,2075,15567,254,1909,2024-04-0815:40:20,2024-06-1320:11:02,利息、纳税、盈亏应用题mPvw.pdf
2372090,1281314,0,0,2057,15369,144,1101,2024-03-2919:32:56,2024-06-1316:08:01,初中历史专题知识汇编.pdf
89110,744976,0,186,2056,15893,162,1382,2024-01-3017:59:58,2024-06-1319:46:09,生物易错题汇总.doc
3403314,1578525,0,0,2051,15272,348,2644,2024-04-3016:54:18,2024-06-1320:02:23,3年级下册数学知识点+答案pKdf.docx
91027,780724,0,209,2048,15595,202,1729,2024-01-3018:00:01,2024-06-1218:36:26,初中数学答题模板.pdf
2735921,1534501,0,0,2045,15310,398,2902,2024-04-1015:44:15,2024-06-1320:14:22,二年级下册期中知识点GtKI.docx
3289960,1564027,0,0,2033,15307,195,1455,2024-04-2621:17:12,2024-06-1122:54:52,小学数学思维训练100题JmaH.docx
4278561,1642438,0,0,2013,15066,151,1132,2024-06-0712:08:10,2024-06-1315:51:12,2024年中考物理模拟试卷.docx
2694095,1527150,0,0,2011,15103,313,2343,2024-04-0822:00:06,2024-06-1318:49:08,五年级（下）期中语文测试卷.doc
643839,772800,0,0,2006,14999,239,1784,2024-02-0213:26:52,2024-06-1316:50:24,初一语文下学期期中知识汇总EgSD.docx
651606,772846,0,0,1988,14764,157,1155,2024-02-0218:24:01,2024-06-1320:10:34,高中数学知识点汇总.docx
197407,706241,0,154,1931,34147,70,688,2024-01-3111:29:29,2024-06-1313:30:59,中考语文状元笔记（198页）.pdf
759657,780079,0,0,1900,14247,221,1690,2024-02-0501:21:01,2024-06-1211:36:14,初中生物讲义(全套).pdf
89116,744982,0,346,1899,15186,55,757,2024-01-3017:59:58,2024-06-1320:15:45,01考场作文备考攻略-初中语文写作能力培养及作文系统升级解读.pdf
648585,772787,0,0,1898,14268,146,1087,2024-02-0216:46:38,2024-06-1206:08:55,初二英语下学期期中知识点汇总.docx
684317,772797,0,0,1888,14272,199,1487,2024-02-0311:18:05,2024-06-1310:41:41,初一政治下学期期中知识点汇总HjJ8.docx
4127347,1636223,0,0,1876,13975,182,1376,2024-05-3119:46:48,2024-06-1313:42:02,【语文】语文文言文138个词义GGFx.pdf
89119,744985,0,105,1869,16890,130,1090,2024-01-3017:59:58,2024-06-1320:14:49,九年级上册古诗文默写-备战2024年中考语文古诗文默写背诵复习（全国通用）解析版.pdf
2330368,1280966,0,0,1839,13699,91,681,2024-03-2806:16:28,2024-06-1316:03:48,数--珍藏笔记199页.pdf
644599,772798,0,0,1838,13711,161,1220,2024-02-0214:00:48,2024-06-1320:04:22,中考语文知识归纳总结.docx
646667,782281,0,0,1832,13686,182,1361,2024-02-0215:27:12,2024-06-1312:05:38,九年级知识点汇总（2）z91k.pdf
91015,775983,0,183,1832,14375,172,1485,2024-01-3018:00:01,2024-06-1212:29:44,人教版初中英语单词全册.pdf
89120,744986,0,231,1822,16477,160,1438,2024-01-3017:59:58,2024-06-1320:14:30,八年级上册古诗文默写-备战2024年中考语文古诗文默写背诵复习（全国通用）解析版.pdf
